Team,PG,SG,SF,PF,C,Poss,Diff Rank,Diff,OFFENSE: Pts/Poss Rank,OFFENSE: Pts/Poss,OFFENSE: eFG% Rank,OFFENSE: eFG%,OFFENSE: TOV% Rank,OFFENSE: TOV%,OFFENSE: ORB% Rank,OFFENSE: ORB%,OFFENSE: FT Rate Rank,OFFENSE: FT Rate,DEFENSE: Pts/Poss Rank,DEFENSE: Pts/Poss,DEFENSE: eFG% Rank,DEFENSE: eFG%,DEFENSE: TOV% Rank,DEFENSE: TOV%,DEFENSE: ORB% Rank,DEFENSE: ORB%,DEFENSE: FT Rate Rank,DEFENSE: FT Rate
League Averages,,,,,,,,,,112.8,,54.1%,,13.8%,,25.1%,,19.1,,112.8,,54.1%,,13.8%,,25.1%,,19.1
PHX,Chris Paul,Devin Booker,Mikal Bridges,Jae Crowder,Deandre Ayton,1433,55,+5.5,66,118.8,68,58.1%,74,11.9%,25,20.7%,48,17.3,42,113.3,37,55.6%,67,14.6%,44,24.6%,38,18.2
PHI,Ben Simmons,Seth Curry,Danny Green,Tobias Harris,Joel Embiid,1349,82,+16.0,72,120.1,68,58.1%,58,13.0%,27,21.0%,91,25.8,81,104.1,76,50.8%,61,14.0%,51,23.8%,58,15.3
NOP,Eric Bledsoe,Lonzo Ball,Brandon Ingram,Zion Williamson,Steven Adams,1260,46,+2.8,61,117.5,62,57.2%,53,13.6%,75,29.5%,31,15.7,38,114.7,32,56.5%,35,12.2%,49,24.0%,87,11.1
UTA,Mike Conley,Donovan Mitchell,Royce O'Neale,Bojan Bogdanovic,Rudy Gobert,1214,75,+11.4,54,115.7,52,55.9%,55,13.4%,64,27.0%,68,20.0,78,104.4,90,48.3%,17,10.5%,36,25.8%,87,11.1
MIL,Jrue Holiday,Donte DiVincenzo,Khris Middleton,Giannis Antetokounmpo,Brook Lopez,1141,72,+10.3,65,118.5,79,59.8%,57,13.3%,38,23.0%,34,16.0,63,108.2,31,56.5%,48,13.0%,83,19.0%,91,10.6
NYK,Elfrid Payton,Reggie Bullock,RJ Barrett,Julius Randle,Nerlens Noel,1111,32,-4.4,36,109.8,43,54.4%,51,13.7%,44,23.8%,38,16.4,40,114.2,41,54.9%,55,13.7%,30,26.5%,40,17.8
MEM,Ja Morant,Grayson Allen,Dillon Brooks,Kyle Anderson,Jonas Valanciunas,985,67,+8.2,59,117.0,47,55.0%,77,11.7%,62,26.6%,61,18.8,61,108.7,64,52.2%,34,12.2%,72,20.9%,39,18.0
SAC,De'Aaron Fox,Buddy Hield,Harrison Barnes,Marvin Bagley,Richaun Holmes,886,64,+7.7,77,122.2,77,59.6%,79,11.5%,58,25.8%,29,15.5,39,114.5,30,56.6%,44,12.7%,59,22.4%,59,15.3
SAC,De'Aaron Fox,Tyrese Haliburton,Buddy Hield,Harrison Barnes,Richaun Holmes,864,59,+6.6,74,121.3,70,58.6%,77,11.7%,45,23.9%,81,23.3,37,114.7,44,54.6%,40,12.5%,22,27.9%,29,19.8
POR,Damian Lillard,CJ McCollum,Norman Powell,Robert Covington,Jusuf Nurkic,784,78,+14.1,68,119.4,60,57.0%,83,11.0%,40,23.3%,37,16.3,75,105.3,47,54.0%,82,15.9%,79,19.4%,28,19.9
NYK,Elfrid Payton,Reggie Bullock,RJ Barrett,Julius Randle,Mitchell Robinson,781,42,+1.1,24,105.6,21,50.7%,40,14.3%,73,29.4%,23,14.3,77,104.5,86,49.4%,18,10.6%,62,22.2%,74,13.3
SAS,Dejounte Murray,Derrick White,Keldon Johnson,DeMar DeRozan,Jakob Poeltl,688,60,+6.7,65,118.5,55,56.2%,89,10.0%,54,25.3%,28,15.5,48,111.8,42,54.7%,26,11.5%,45,24.5%,66,14.1
UTA,Mike Conley,Jordan Clarkson,Joe Ingles,Georges Niang,Rudy Gobert,628,80,+14.9,75,121.7,75,59.1%,66,12.4%,42,23.5%,57,18.3,68,106.8,84,49.8%,51,13.2%,61,22.3%,43,17.4
DAL,Josh Richardson,Luka Doncic,Dorian Finney-Smith,Maxi Kleber,Kristaps Porzingis,585,74,+11.2,79,122.9,86,61.5%,73,12.0%,44,23.8%,48,17.3,48,111.7,45,54.4%,29,11.7%,73,20.8%,69,14.0
LAL,Dennis Schroder,Kentavious Caldwell-Pope,LeBron James,Anthony Davis,Marc Gasol,584,77,+12.8,60,117.1,67,57.8%,56,13.4%,43,23.8%,60,18.6,79,104.3,50,53.6%,85,16.6%,55,23.1%,45,17.0
POR,Damian Lillard,Gary Trent Jr.,Derrick Jones Jr.,Robert Covington,Enes Kanter,572,82,+15.3,86,125.7,59,56.7%,78,11.5%,81,30.5%,46,17.2,54,110.4,51,53.6%,42,12.6%,37,25.5%,75,12.9
GSW,Stephen Curry,Kent Bazemore,Andrew Wiggins,Draymond Green,Kevon Looney,562,71,+10.0,60,117.1,78,59.7%,19,16.4%,65,27.3%,9,11.3,66,107.1,72,51.3%,62,14.1%,46,24.5%,32,19.2
UTA,Donovan Mitchell,Jordan Clarkson,Royce O'Neale,Bojan Bogdanovic,Derrick Favors,546,66,+8.1,84,124.7,65,57.7%,34,14.8%,84,31.1%,71,20.6,31,116.7,41,55.0%,31,11.9%,46,24.4%,34,18.9
GSW,Stephen Curry,Kelly Oubre,Andrew Wiggins,Draymond Green,James Wiseman,538,14,-13.8,8,97.4,26,51.6%,11,17.7%,8,16.7%,27,15.3,51,111.2,66,51.9%,48,13.0%,30,26.6%,31,19.5
LAC,Patrick Beverley,Nicolas Batum,Paul George,Kawhi Leonard,Serge Ibaka,532,84,+16.9,68,119.5,69,58.3%,59,13.0%,59,26.1%,15,12.5,84,102.6,44,54.6%,88,17.3%,83,19.0%,67,14.1
CHA,Devonte' Graham,Terry Rozier,Gordon Hayward,PJ Washington,Bismack Biyombo,529,18,-12.3,8,99.4,12,49.3%,40,14.4%,35,22.5%,30,15.7,48,111.7,37,55.6%,71,14.8%,43,24.8%,72,13.5
IND,Malcolm Brogdon,Justin Holiday,Doug McDermott,Domantas Sabonis,Myles Turner,494,54,+5.4,48,113.6,50,55.5%,39,14.4%,46,24.0%,35,16.1,63,108.2,66,51.8%,54,13.5%,73,20.6%,14,23.3
DEN,Jamal Murray,Gary Harris,Will Barton,Paul Millsap,Nikola Jokic,488,70,+9.7,85,125.6,72,58.8%,64,12.7%,93,33.6%,44,16.9,34,115.9,32,56.4%,42,12.6%,66,21.6%,48,16.6
MEM,Ja Morant,Dillon Brooks,Desmond Bane,Kyle Anderson,Jonas Valanciunas,472,75,+11.8,61,117.4,63,57.5%,30,15.3%,85,31.2%,16,12.9,73,105.6,56,53.0%,75,15.4%,48,24.3%,38,18.3
UTA,Donovan Mitchell,Royce O'Neale,Bojan Bogdanovic,Joe Ingles,Rudy Gobert,458,89,+21.0,88,127.5,92,62.9%,61,12.9%,51,24.9%,90,25.6,69,106.6,87,49.1%,4,8.1%,78,19.5%,51,16.2
SAS,Dejounte Murray,Lonnie Walker,Keldon Johnson,DeMar DeRozan,LaMarcus Aldridge,451,18,-12.3,42,112.6,42,54.3%,88,10.4%,11,17.4%,42,16.7,10,124.9,6,62.7%,35,12.2%,34,25.9%,77,12.8
POR,Damian Lillard,CJ McCollum,Derrick Jones Jr.,Robert Covington,Jusuf Nurkic,437,57,+5.8,50,114.9,67,57.8%,80,11.4%,20,19.3%,27,15.1,60,109.0,54,53.2%,74,15.3%,57,22.7%,16,23.1
DEN,Jamal Murray,Will Barton,Michael Porter,Paul Millsap,Nikola Jokic,430,61,+6.9,88,127.7,89,61.7%,69,12.3%,80,30.4%,21,13.7,20,120.7,19,59.3%,82,16.1%,11,30.2%,42,17.6
LAC,Reggie Jackson,Paul George,Kawhi Leonard,Marcus Morris,Ivica Zubac,420,87,+19.1,80,123.1,87,61.6%,53,13.6%,56,25.6%,26,15.0,82,104.0,68,51.7%,45,12.8%,94,16.1%,80,12.4
MIA,Kendrick Nunn,Duncan Robinson,Jimmy Butler,Trevor Ariza,Bam Adebayo,406,58,+5.9,59,117.0,76,59.2%,69,12.3%,10,17.0%,52,17.8,52,111.1,25,57.8%,93,18.5%,52,23.6%,60,15.1
ATL,Trae Young,Kevin Huerter,Cameron Reddish,John Collins,Clint Capela,405,30,-5.3,58,116.5,52,55.8%,16,16.8%,95,34.9%,77,21.9,17,121.9,23,58.4%,34,12.0%,25,27.6%,39,18.1
GSW,Stephen Curry,Kelly Oubre,Andrew Wiggins,Draymond Green,Kevon Looney,398,56,+5.6,44,113.1,60,56.8%,54,13.6%,30,21.7%,51,17.7,65,107.5,65,51.9%,86,16.7%,27,27.1%,10,24.7
OKC,Shai Gilgeous-Alexander,George Hill,Luguentz Dort,Darius Bazley,Al Horford,398,44,+2.0,41,111.8,44,54.6%,83,11.1%,12,17.8%,44,16.9,56,109.8,75,51.0%,8,9.1%,70,21.1%,48,16.6
IND,Malcolm Brogdon,Caris LeVert,Justin Holiday,Domantas Sabonis,Myles Turner,395,28,-6.5,9,99.7,20,50.6%,33,14.9%,14,18.5%,42,16.8,69,106.3,75,51.0%,63,14.1%,43,24.9%,24,20.6
SAS,Dejounte Murray,Lonnie Walker,Keldon Johnson,DeMar DeRozan,Jakob Poeltl,393,31,-5.0,47,113.5,22,50.8%,97,8.9%,75,29.5%,39,16.7,24,118.5,25,57.7%,32,12.0%,56,22.8%,81,12.4
BKN,James Harden,Kyrie Irving,Joe Harris,Bruce Brown,DeAndre Jordan,393,47,+2.8,57,116.5,80,59.9%,49,13.7%,35,22.5%,24,14.3,41,113.7,53,53.4%,24,11.2%,25,27.5%,70,13.9
PHX,Chris Paul,Devin Booker,Mikal Bridges,Cameron Johnson,Deandre Ayton,392,71,+9.8,76,121.9,55,56.3%,59,13.0%,96,35.1%,33,15.8,46,112.1,46,54.1%,84,16.3%,7,31.5%,33,19.0
MIA,Kendrick Nunn,Duncan Robinson,Jimmy Butler,Kelly Olynyk,Bam Adebayo,390,51,+4.4,45,113.3,33,52.8%,87,10.5%,41,23.5%,43,16.9,60,108.9,31,56.6%,64,14.2%,87,17.8%,62,14.6
MIN,Ricky Rubio,Anthony Edwards,Jaden McDaniels,Josh Okogie,Karl-Anthony Towns,365,47,+2.8,34,108.8,25,51.2%,41,14.2%,51,24.9%,79,22.8,70,106.0,30,56.7%,90,17.6%,69,21.2%,84,11.8
UTA,Donovan Mitchell,Royce O'Neale,Bojan Bogdanovic,Joe Ingles,Derrick Favors,364,44,+2.0,52,115.1,39,53.7%,20,16.2%,79,30.3%,33,15.9,44,113.1,27,57.3%,60,13.9%,67,21.4%,69,14.0
ATL,Trae Young,Kevin Huerter,Tony Snell,John Collins,Clint Capela,363,75,+12.0,66,119.0,47,55.0%,65,12.7%,95,34.4%,25,14.4,66,107.0,90,47.7%,20,10.8%,25,27.5%,31,19.4
DET,Delon Wright,Wayne Ellington,Jerami Grant,Blake Griffin,Mason Plumlee,354,37,-1.7,58,116.7,43,54.4%,85,10.7%,48,24.3%,45,17.0,25,118.4,14,59.9%,31,12.0%,67,21.3%,71,13.8
PHX,Chris Paul,Devin Booker,Mikal Bridges,Frank Kaminsky,Deandre Ayton,335,63,+7.5,63,118.2,81,60.0%,50,13.7%,57,25.7%,18,13.4,53,110.7,90,48.3%,10,9.3%,18,28.4%,52,16.1
GSW,Stephen Curry,Kelly Oubre,Andrew Wiggins,Juan Toscano-Anderson,Draymond Green,323,69,+9.4,70,119.8,88,61.7%,21,16.1%,36,22.6%,77,22.2,54,110.5,55,53.1%,70,14.8%,54,23.5%,50,16.3
OKC,Shai Gilgeous-Alexander,Theo Maledon,Luguentz Dort,Darius Bazley,Al Horford,317,16,-12.7,8,98.4,17,50.2%,72,12.0%,3,12.9%,12,11.9,51,111.1,24,58.3%,61,14.0%,80,19.3%,99,6.7
DEN,Monte Morris,Jamal Murray,Will Barton,Michael Porter,Nikola Jokic,312,91,+23.7,89,127.9,89,61.9%,86,10.6%,46,24.1%,10,11.5,80,104.2,71,51.4%,41,12.6%,63,22.0%,83,12.0
WAS,Russell Westbrook,Bradley Beal,Garrison Mathews,Rui Hachimura,Moritz Wagner,299,27,-7.2,18,103.3,34,52.9%,39,14.4%,4,14.5%,83,23.9,53,110.5,48,53.8%,91,18.1%,2,36.2%,63,14.5
CHI,Coby White,Zach LaVine,Garrett Temple,Patrick Williams,Wendell Carter,298,30,-5.7,35,109.7,59,56.7%,39,14.4%,22,19.8%,36,16.2,35,115.4,35,56.0%,32,12.0%,82,19.1%,39,18.1
NYK,Derrick Rose,Reggie Bullock,RJ Barrett,Julius Randle,Nerlens Noel,288,83,+16.8,76,121.9,74,58.9%,46,13.9%,18,19.1%,61,19.1,76,105.1,86,49.4%,48,13.0%,55,23.0%,25,20.5
CLE,Darius Garland,Collin Sexton,Isaac Okoro,Larry Nance Jr.,Jarrett Allen,280,17,-12.4,20,104.3,21,50.6%,24,15.7%,52,25.0%,67,19.8,31,116.7,49,53.7%,30,11.7%,9,31.0%,68,14.1
UTA,Mike Conley,Royce O'Neale,Bojan Bogdanovic,Joe Ingles,Rudy Gobert,277,96,+30.3,78,122.7,75,59.0%,23,15.9%,83,31.0%,88,24.8,95,92.4,95,45.6%,43,12.6%,90,17.2%,82,12.0
NOP,Eric Bledsoe,Lonzo Ball,Brandon Ingram,Zion Williamson,Willy Hernangomez,275,79,+14.3,69,119.6,65,57.7%,42,14.2%,62,26.7%,92,26.1,75,105.3,49,53.8%,72,14.9%,64,21.9%,47,16.7
TOR,Kyle Lowry,Fred VanVleet,Norman Powell,Pascal Siakam,Aron Baynes,275,52,+4.7,76,121.8,54,56.2%,84,10.9%,43,23.7%,72,21.4,30,117.1,10,61.6%,97,20.0%,31,26.4%,9,25.0
IND,Malcolm Brogdon,Jeremy Lamb,Justin Holiday,Domantas Sabonis,Myles Turner,274,23,-10.4,47,113.5,49,55.3%,67,12.4%,48,24.3%,9,11.3,11,123.9,15,59.8%,65,14.3%,15,29.0%,55,15.6
CHI,Coby White,Garrett Temple,Patrick Williams,Daniel Theis,Nikola Vucevic,274,8,-21.1,7,95.6,13,49.4%,47,13.9%,24,20.7%,1,6.4,31,116.7,27,57.2%,20,10.8%,95,15.6%,59,15.2
BOS,Kemba Walker,Jaylen Brown,Jayson Tatum,Daniel Theis,Tristan Thompson,267,46,+2.7,62,118.0,46,54.8%,63,12.7%,90,32.3%,49,17.3,35,115.3,56,53.0%,14,9.9%,40,25.0%,61,14.8
CHA,LaMelo Ball,Terry Rozier,Gordon Hayward,PJ Washington,Cody Zeller,266,68,+8.3,80,122.9,87,61.6%,35,14.7%,37,22.7%,51,17.7,38,114.7,7,62.6%,80,15.8%,89,17.5%,78,12.6
MIL,Bryn Forbes,Donte DiVincenzo,Khris Middleton,Giannis Antetokounmpo,Brook Lopez,266,68,+8.3,85,125.6,68,58.1%,99,7.1%,39,23.0%,37,16.3,29,117.3,12,60.4%,55,13.5%,65,21.7%,95,8.7
HOU,John Wall,Kevin Porter,Jae'Sean Tate,Christian Wood,Kelly Olynyk,264,58,+5.9,77,122.3,66,57.8%,35,14.8%,87,32.1%,41,16.7,32,116.5,28,57.0%,69,14.6%,29,26.8%,63,14.5
SAS,Dejounte Murray,Patty Mills,Devin Vassell,Rudy Gay,Jakob Poeltl,260,96,+28.1,49,114.6,80,60.0%,65,12.7%,11,17.2%,4,9.6,99,86.5,93,46.3%,93,18.7%,91,17.0%,57,15.4
PHX,Cameron Payne,Devin Booker,Mikal Bridges,Jae Crowder,Deandre Ayton,255,81,+15.3,92,129.8,90,62.2%,43,14.1%,40,23.4%,77,22.1,38,114.6,69,51.6%,27,11.6%,6,33.1%,23,21.0
NYK,Derrick Rose,Immanuel Quickley,Alec Burks,Obi Toppin,Taj Gibson,252,86,+17.5,63,118.3,23,51.0%,93,9.5%,89,32.1%,70,20.4,87,100.8,92,46.5%,14,9.9%,35,25.8%,45,16.9
DEN,Facundo Campazzo,PJ Dozier,Michael Porter,Aaron Gordon,Nikola Jokic,245,24,-9.7,41,112.2,70,58.7%,47,13.9%,25,20.8%,61,18.8,16,121.9,6,63.6%,66,14.5%,82,19.0%,32,19.3
NOP,Eric Bledsoe,Nickeil Alexander-Walker,Brandon Ingram,Zion Williamson,Steven Adams,242,40,+0.7,87,127.3,82,60.3%,51,13.6%,86,31.4%,82,23.4,8,126.5,24,58.3%,36,12.2%,8,31.1%,82,12.0
TOR,Kyle Lowry,Fred VanVleet,OG Anunoby,Pascal Siakam,Aron Baynes,242,34,-4.2,17,103.3,31,52.4%,38,14.5%,20,19.5%,26,14.8,65,107.5,81,50.0%,63,14.2%,30,26.6%,17,22.9
CHI,Tomas Satoransky,Zach LaVine,Patrick Williams,Thaddeus Young,Nikola Vucevic,233,43,+1.8,40,111.6,52,55.6%,66,12.4%,52,25.0%,0,5.9,56,109.8,76,50.9%,27,11.5%,13,29.5%,73,13.5
UTA,Jordan Clarkson,Miye Oni,Joe Ingles,Georges Niang,Rudy Gobert,232,92,+24.6,87,127.2,85,61.0%,27,15.5%,78,30.2%,44,16.9,85,102.6,88,48.8%,28,11.7%,72,21.0%,74,13.1
ATL,Trae Young,Bogdan Bogdanovic,Tony Snell,John Collins,Clint Capela,231,51,+4.3,90,128.1,96,64.8%,48,13.9%,68,27.8%,62,19.1,12,123.8,18,59.4%,28,11.7%,27,27.1%,56,15.5
NOP,Eric Bledsoe,Lonzo Ball,Josh Hart,Brandon Ingram,Steven Adams,230,66,+8.1,82,123.9,61,57.1%,31,15.2%,100,41.4%,72,21.4,34,115.8,46,54.1%,54,13.5%,90,17.4%,14,23.6
ATL,Trae Young,Bogdan Bogdanovic,Kevin Huerter,John Collins,Clint Capela,229,92,+24.9,90,127.9,73,58.9%,75,11.8%,87,31.8%,63,19.2,82,103.0,78,50.5%,52,13.4%,58,22.5%,70,13.9
CLE,Darius Garland,Collin Sexton,Isaac Okoro,Dean Wade,Jarrett Allen,228,45,+2.2,20,104.4,28,51.8%,7,18.4%,72,28.7%,52,17.8,86,102.2,75,51.0%,69,14.6%,28,27.0%,94,9.1
MIN,Ricky Rubio,Anthony Edwards,Malik Beasley,Jaden McDaniels,Karl-Anthony Towns,225,33,-4.2,81,123.1,64,57.6%,42,14.2%,78,30.2%,13,12.4,7,127.4,10,61.1%,53,13.5%,17,28.6%,3,28.0
CHI,Coby White,Zach LaVine,Patrick Williams,Lauri Markkanen,Wendell Carter,224,18,-11.6,4,92.9,7,47.6%,12,17.4%,15,18.6%,39,16.7,77,104.5,61,52.7%,35,12.2%,82,19.1%,94,9.4
PHI,Ben Simmons,Seth Curry,Danny Green,Tobias Harris,Mike Scott,224,41,+1.0,38,110.7,53,55.9%,72,12.1%,15,18.6%,4,9.8,57,109.7,46,54.0%,81,15.9%,56,22.9%,11,24.5
MIN,Ricky Rubio,Anthony Edwards,Malik Beasley,Jarred Vanderbilt,Karl-Anthony Towns,224,77,+13.2,75,121.4,61,57.1%,41,14.3%,51,24.8%,66,19.7,62,108.2,35,56.1%,77,15.6%,71,21.1%,27,20.0
TOR,Kyle Lowry,Fred VanVleet,Norman Powell,OG Anunoby,Pascal Siakam,220,77,+13.6,67,119.1,71,58.8%,70,12.3%,45,23.9%,19,13.5,74,105.5,45,54.4%,96,19.8%,52,23.7%,7,25.7
BOS,Kemba Walker,Marcus Smart,Jaylen Brown,Jayson Tatum,Robert Williams,219,45,+2.0,79,122.8,82,60.5%,18,16.4%,82,30.8%,7,10.7,20,120.8,21,58.8%,25,11.3%,48,24.3%,52,16.0
POR,Damian Lillard,CJ McCollum,Derrick Jones Jr.,Robert Covington,Enes Kanter,219,14,-14.2,52,115.1,37,53.3%,92,9.6%,73,29.3%,15,12.8,5,129.3,8,61.7%,19,10.7%,45,24.5%,60,14.9
UTA,Jordan Clarkson,Royce O'Neale,Bojan Bogdanovic,Joe Ingles,Rudy Gobert,219,35,-3.7,27,106.4,40,53.8%,8,18.3%,76,29.7%,58,18.4,56,110.0,77,50.7%,22,11.0%,65,21.7%,93,9.7
DEN,Jamal Murray,Will Barton,Michael Porter,Aaron Gordon,Nikola Jokic,218,83,+16.8,90,128.0,94,63.5%,18,16.5%,89,32.2%,60,18.7,50,111.2,29,56.8%,34,12.1%,79,19.4%,99,6.6
DAL,Josh Richardson,Tim Hardaway Jr.,Luka Doncic,Dorian Finney-Smith,Willie Cauley-Stein,215,76,+12.1,73,120.9,83,60.7%,45,14.0%,54,25.3%,25,14.6,61,108.8,80,50.3%,40,12.5%,47,24.4%,24,20.6
OKC,Shai Gilgeous-Alexander,Theo Maledon,Luguentz Dort,Darius Bazley,Isaiah Roby,212,10,-17.8,31,107.5,57,56.5%,36,14.6%,2,11.3%,76,21.9,9,125.4,29,56.7%,26,11.5%,7,32.1%,46,16.9
MIN,Ricky Rubio,Anthony Edwards,Jake Layman,Jarred Vanderbilt,Karl-Anthony Towns,211,38,-0.0,17,102.8,50,55.5%,2,20.9%,42,23.7%,21,13.8,83,102.9,84,49.7%,90,17.6%,11,30.0%,57,15.4
DAL,Jalen Brunson,Josh Richardson,Tim Hardaway Jr.,Dorian Finney-Smith,Kristaps Porzingis,210,89,+22.7,97,138.1,69,58.5%,96,9.0%,88,32.1%,45,17.1,34,115.4,59,52.8%,5,8.4%,59,22.5%,92,10.3
PHX,Chris Paul,Devin Booker,Mikal Bridges,Torrey Craig,Deandre Ayton,210,76,+12.2,94,132.4,95,63.8%,68,12.4%,50,24.7%,57,18.2,21,120.2,18,59.4%,50,13.1%,35,25.8%,55,15.6
WAS,Russell Westbrook,Bradley Beal,Garrison Mathews,Rui Hachimura,Alex Len,209,25,-8.5,46,113.4,69,58.2%,30,15.3%,32,22.4%,78,22.2,16,121.9,52,53.5%,8,9.0%,20,28.3%,26,20.4
ATL,Trae Young,Cameron Reddish,DeAndre Hunter,John Collins,Clint Capela,207,80,+15.0,49,114.5,38,53.5%,71,12.1%,75,29.5%,62,19.1,89,99.5,81,50.0%,42,12.6%,70,21.1%,90,10.8
BOS,Marcus Smart,Jaylen Brown,Jayson Tatum,Daniel Theis,Tristan Thompson,206,27,-7.2,39,111.2,64,57.6%,32,15.0%,68,27.7%,19,13.5,25,118.3,9,61.6%,52,13.4%,77,19.8%,79,12.5
DEN,Facundo Campazzo,Will Barton,Michael Porter,Aaron Gordon,Nikola Jokic,205,55,+5.5,92,128.8,73,58.9%,36,14.6%,85,31.2%,69,20.3,13,123.3,24,58.2%,15,10.2%,44,24.7%,56,15.5
NYK,Derrick Rose,Reggie Bullock,RJ Barrett,Julius Randle,Taj Gibson,204,84,+17.0,82,123.5,37,53.4%,100,5.4%,41,23.4%,66,19.7,69,106.5,81,50.0%,23,11.2%,69,21.2%,37,18.6
OKC,Shai Gilgeous-Alexander,George Hill,Luguentz Dort,Darius Bazley,Isaiah Roby,202,6,-23.0,23,105.4,37,53.4%,48,13.9%,27,21.1%,28,15.5,6,128.4,12,60.5%,44,12.7%,5,33.7%,77,12.8
WAS,Russell Westbrook,Bradley Beal,Deni Avdija,Rui Hachimura,Alex Len,202,36,-2.9,16,102.5,24,51.2%,29,15.3%,29,21.5%,55,18.0,75,105.4,47,54.0%,69,14.6%,86,17.9%,67,14.1
IND,Malcolm Brogdon,Caris LeVert,Edmond Sumner,Justin Holiday,Domantas Sabonis,202,62,+7.4,72,120.3,61,57.1%,91,9.9%,36,22.6%,55,17.9,45,112.9,62,52.6%,59,13.9%,4,34.3%,53,15.9
ATL,Trae Young,Bogdan Bogdanovic,Kevin Huerter,Solomon Hill,Clint Capela,201,93,+25.5,96,135.8,93,63.1%,98,8.5%,50,24.7%,22,13.8,54,110.3,30,56.7%,30,11.8%,71,21.1%,84,11.7
GSW,Brad Wanamaker,Damion Lee,Kent Bazemore,Andrew Wiggins,Eric Paschall,198,50,+4.1,12,100.5,25,51.5%,82,11.1%,1,10.5%,65,19.6,93,96.4,94,45.7%,85,16.5%,38,25.5%,52,16.1
MIA,Tyler Herro,Duncan Robinson,Jimmy Butler,Kelly Olynyk,Bam Adebayo,197,87,+18.8,74,121.3,58,56.5%,81,11.2%,38,22.8%,81,23.3,85,102.5,87,49.2%,14,10.0%,87,17.9%,65,14.2
ATL,Trae Young,Kevin Huerter,DeAndre Hunter,John Collins,Clint Capela,193,88,+20.3,38,110.9,16,50.0%,15,17.1%,82,30.9%,80,23.0,97,90.5,97,42.7%,60,13.9%,40,25.2%,51,16.2
WAS,Russell Westbrook,Raul Neto,Davis Bertans,Deni Avdija,Robin Lopez,191,20,-11.3,13,101.0,7,47.4%,90,9.9%,19,19.2%,42,16.8,46,112.4,33,56.4%,78,15.6%,47,24.4%,63,14.5
OKC,Theo Maledon,Luguentz Dort,Darius Bazley,Isaiah Roby,Moses Brown,191,6,-23.1,3,92.1,1,41.6%,25,15.7%,68,27.6%,31,15.7,36,115.3,60,52.7%,28,11.6%,14,29.1%,65,14.2
CHA,LaMelo Ball,Terry Rozier,Gordon Hayward,Miles Bridges,Bismack Biyombo,191,8,-21.4,22,105.2,32,52.6%,10,17.8%,86,31.3%,13,12.3,8,126.6,15,59.9%,40,12.5%,24,27.7%,79,12.4
UTA,Mike Conley,Jordan Clarkson,Miye Oni,Georges Niang,Rudy Gobert,186,99,+40.4,70,119.9,86,61.4%,26,15.6%,26,20.9%,25,14.8,100,79.5,100,39.3%,39,12.4%,86,18.0%,96,8.3
DET,Delon Wright,Wayne Ellington,Saddiq Bey,Jerami Grant,Mason Plumlee,185,12,-16.1,14,101.6,28,51.9%,20,16.2%,28,21.3%,17,13.0,27,117.7,8,61.8%,58,13.8%,75,20.3%,54,15.7
TOR,Kyle Lowry,Fred VanVleet,OG Anunoby,Pascal Siakam,Khem Birch,184,89,+22.3,83,124.5,76,59.1%,94,9.2%,35,22.5%,32,15.8,86,102.2,49,53.7%,91,17.9%,95,15.7%,35,18.8
NYK,Elfrid Payton,Alec Burks,RJ Barrett,Julius Randle,Mitchell Robinson,183,40,+0.7,31,107.7,18,50.3%,19,16.4%,60,26.2%,49,17.4,67,107.0,89,48.5%,9,9.1%,74,20.4%,12,24.4
CHI,Tomas Satoransky,Zach LaVine,Patrick Williams,Lauri Markkanen,Thaddeus Young,181,52,+4.9,55,116.0,77,59.4%,28,15.5%,56,25.6%,14,12.5,51,111.1,70,51.5%,45,12.8%,21,28.3%,68,14.0
MIL,Jrue Holiday,Donte DiVincenzo,Pat Connaughton,Khris Middleton,Brook Lopez,180,44,+1.8,79,122.8,41,54.1%,89,10.0%,68,27.8%,74,21.8,20,121.0,21,58.8%,11,9.4%,60,22.4%,86,11.2
MIA,Gabe Vincent,Tyler Herro,Duncan Robinson,Andre Iguodala,Bam Adebayo,180,60,+6.6,45,113.3,39,53.7%,56,13.3%,72,28.7%,59,18.4,68,106.7,69,51.6%,97,20.1%,7,32.6%,42,17.7
UTA,Jordan Clarkson,Trent Forrest,Royce O'Neale,Bojan Bogdanovic,Derrick Favors,179,79,+14.1,96,135.8,80,60.0%,32,15.1%,99,37.3%,83,23.5,17,121.6,43,54.7%,1,7.0%,89,17.7%,21,21.5
PHI,Shake Milton,Matisse Thybulle,Furkan Korkmaz,Mike Scott,Dwight Howard,178,41,+1.1,25,106.2,21,50.6%,37,14.6%,66,27.4%,35,16.0,76,105.1,92,47.4%,73,15.3%,53,23.6%,2,28.9
DAL,Josh Richardson,Tim Hardaway Jr.,Luka Doncic,Dorian Finney-Smith,Dwight Powell,177,28,-6.4,15,101.7,15,49.7%,74,11.9%,17,18.8%,34,16.0,63,108.0,43,54.7%,92,18.4%,33,26.0%,5,26.6
UTA,Royce O'Neale,Bojan Bogdanovic,Joe Ingles,Georges Niang,Rudy Gobert,176,99,+42.0,93,131.3,99,67.3%,35,14.8%,61,26.5%,63,19.3,97,89.3,93,46.2%,89,17.5%,46,24.5%,99,6.3
ATL,Trae Young,Kevin Huerter,Tony Snell,Danilo Gallinari,John Collins,174,93,+24.9,94,134.5,92,62.8%,92,9.8%,7,16.0%,98,33.1,58,109.6,80,50.3%,19,10.7%,21,28.0%,17,22.8
MIL,D.J. Augustin,Donte DiVincenzo,Khris Middleton,Giannis Antetokounmpo,Brook Lopez,174,98,+35.1,93,131.0,82,60.5%,84,10.9%,48,24.4%,85,24.2,93,95.9,87,49.0%,17,10.5%,96,15.4%,98,7.1
CLE,Darius Garland,Collin Sexton,Isaac Okoro,Kevin Love,Jarrett Allen,172,49,+3.4,31,107.6,23,51.0%,25,15.7%,82,30.7%,47,17.3,80,104.1,80,50.3%,30,11.8%,50,23.9%,94,9.3
POR,Damian Lillard,CJ McCollum,Norman Powell,Robert Covington,Enes Kanter,172,55,+5.4,86,126.7,39,53.8%,78,11.6%,89,32.2%,95,28.8,18,121.3,42,54.7%,2,7.3%,63,22.0%,45,17.0
MEM,Tyus Jones,Dillon Brooks,Kyle Anderson,Brandon Clarke,Jonas Valanciunas,171,15,-13.5,3,91.8,3,45.0%,44,14.0%,79,30.3%,2,8.1,76,105.3,51,53.5%,75,15.3%,62,22.1%,97,7.7
NYK,Elfrid Payton,Reggie Bullock,RJ Barrett,Julius Randle,Taj Gibson,170,34,-3.8,33,108.2,16,50.0%,61,12.9%,77,30.1%,58,18.4,47,112.0,72,51.3%,43,12.7%,26,27.2%,48,16.6
TOR,Kyle Lowry,Fred VanVleet,Norman Powell,Pascal Siakam,Chris Boucher,170,48,+2.8,70,120.0,76,59.1%,75,11.8%,30,22.0%,69,20.3,30,117.2,27,57.1%,71,14.8%,17,28.6%,26,20.4
LAL,Dennis Schroder,Kentavious Caldwell-Pope,Kyle Kuzma,Markieff Morris,Marc Gasol,169,15,-13.6,1,87.6,26,51.5%,1,22.5%,4,14.5%,10,11.5,87,101.2,64,52.3%,39,12.4%,92,16.7%,96,7.8
CHA,Devonte' Graham,Terry Rozier,Cody Martin,Miles Bridges,PJ Washington,169,95,+27.7,98,140.8,99,67.1%,94,9.5%,37,22.8%,8,11.0,43,113.1,38,55.2%,50,13.1%,17,28.7%,34,19.0
BKN,James Harden,Kyrie Irving,Joe Harris,Jeff Green,DeAndre Jordan,169,13,-16.0,66,118.9,63,57.5%,94,9.5%,8,16.7%,75,21.8,3,134.9,2,66.2%,15,10.2%,33,26.1%,18,22.8
PHX,Chris Paul,Mikal Bridges,Cameron Johnson,Jae Crowder,Deandre Ayton,168,90,+23.3,51,114.9,59,56.7%,28,15.5%,41,23.4%,84,24.1,96,91.6,94,45.6%,77,15.6%,55,23.2%,82,12.1
DAL,Josh Richardson,Tim Hardaway Jr.,Luka Doncic,Dorian Finney-Smith,Kristaps Porzingis,165,6,-23.2,56,116.4,23,51.0%,96,9.1%,32,22.4%,89,25.2,1,139.5,23,58.3%,3,7.8%,0,40.0%,73,13.3
PHI,Shake Milton,Matisse Thybulle,Furkan Korkmaz,Tobias Harris,Dwight Howard,165,66,+8.0,23,105.5,10,48.6%,20,16.4%,97,35.6%,72,21.1,92,97.5,91,47.5%,59,13.9%,44,24.7%,53,15.8
POR,Damian Lillard,Gary Trent Jr.,Derrick Jones Jr.,Carmelo Anthony,Enes Kanter,164,17,-12.5,32,107.9,4,45.9%,95,9.1%,92,33.3%,73,21.7,21,120.4,57,52.9%,70,14.6%,3,35.7%,58,15.4
UTA,Jordan Clarkson,Royce O'Neale,Bojan Bogdanovic,Joe Ingles,Derrick Favors,163,35,-3.5,28,106.7,29,52.1%,29,15.3%,17,19.0%,68,20.0,55,110.2,66,51.9%,8,9.0%,96,15.5%,72,13.5
BOS,Kemba Walker,Marcus Smart,Jaylen Brown,Jayson Tatum,Daniel Theis,163,69,+8.6,91,128.2,85,61.3%,87,10.4%,16,18.7%,39,16.7,23,119.6,15,59.8%,46,12.9%,19,28.4%,19,22.5
PHI,Ben Simmons,Seth Curry,Danny Green,Tobias Harris,Tony Bradley,163,38,-0.2,39,111.0,54,56.0%,22,16.0%,70,28.0%,3,8.7,49,111.3,40,55.0%,56,13.8%,81,19.2%,44,17.1
UTA,Donovan Mitchell,Jordan Clarkson,Royce O'Neale,Joe Ingles,Derrick Favors,161,9,-20.3,44,113.0,8,47.7%,51,13.7%,90,32.2%,88,24.8,4,133.3,10,61.1%,21,10.9%,54,23.3%,20,22.2
OKC,Theo Maledon,Luguentz Dort,Aleksej Pokusevski,Darius Bazley,Moses Brown,159,20,-11.3,9,100.0,22,50.7%,8,18.2%,44,23.8%,13,12.1,49,111.3,85,49.7%,11,9.4%,19,28.4%,41,17.8
HOU,Kevin Porter,Avery Bradley,Jae'Sean Tate,Christian Wood,Kelly Olynyk,158,65,+7.9,83,124.1,87,61.5%,37,14.6%,61,26.5%,55,18.0,33,116.1,11,60.7%,77,15.5%,70,21.1%,41,17.8
NYK,Immanuel Quickley,Reggie Bullock,RJ Barrett,Julius Randle,Nerlens Noel,157,83,+16.6,77,122.3,72,58.8%,7,18.5%,91,32.4%,85,24.3,73,105.7,35,56.0%,79,15.7%,61,22.2%,65,14.2
SAS,Patty Mills,Devin Vassell,DeMar DeRozan,Rudy Gay,Jakob Poeltl,157,37,-2.6,22,105.1,4,45.7%,44,14.0%,92,33.0%,45,17.1,65,107.7,95,45.6%,3,7.7%,39,25.3%,16,23.1
LAC,Reggie Jackson,Nicolas Batum,Paul George,Kawhi Leonard,Serge Ibaka,157,97,+32.0,97,138.2,99,67.3%,88,10.2%,63,26.9%,7,10.7,70,106.3,63,52.4%,49,13.1%,68,21.2%,80,12.4
ORL,Cole Anthony,Gary Harris,Dwayne Bacon,Moritz Wagner,Wendell Carter,157,1,-32.7,1,87.3,2,43.6%,17,16.6%,58,25.8%,10,11.3,22,120.0,56,52.9%,4,8.4%,28,27.0%,54,15.7
CLE,Darius Garland,Collin Sexton,Isaac Okoro,Cedi Osman,Jarrett Allen,156,23,-9.7,30,107.1,27,51.7%,10,17.9%,76,29.6%,14,12.5,30,116.8,13,60.2%,64,14.3%,75,20.3%,18,22.7
SAS,Dejounte Murray,Devin Vassell,Keldon Johnson,DeMar DeRozan,Jakob Poeltl,155,27,-7.0,14,101.3,28,51.8%,42,14.2%,28,21.3%,6,10.1,62,108.3,17,59.4%,96,19.9%,86,17.9%,66,14.2
GSW,Stephen Curry,Kent Bazemore,Andrew Wiggins,Juan Toscano-Anderson,Draymond Green,155,48,+3.0,54,115.5,71,58.7%,28,15.5%,24,20.6%,86,24.6,46,112.5,73,51.2%,80,15.8%,51,23.7%,0,33.3
CLE,Damyean Dotson,Isaac Okoro,Cedi Osman,Larry Nance Jr.,Andre Drummond,155,54,+5.2,19,103.9,35,53.0%,5,18.7%,65,27.3%,23,14.2,90,98.7,88,48.8%,87,17.0%,34,26.0%,15,23.2
DET,Killian Hayes,Saddiq Bey,Josh Jackson,Sekou Doumbouya,Isaiah Stewart,154,20,-11.0,6,94.8,12,49.2%,1,22.1%,71,28.4%,70,20.3,72,105.8,79,50.4%,76,15.5%,11,30.0%,34,19.0
PHI,Seth Curry,Matisse Thybulle,Danny Green,Tobias Harris,Joel Embiid,153,72,+10.3,69,119.6,83,60.6%,3,20.3%,94,33.9%,99,33.9,58,109.3,67,51.8%,68,14.6%,58,22.5%,64,14.3
ORL,Cole Anthony,Gary Harris,Dwayne Bacon,Chuma Okeke,Wendell Carter,152,4,-25.9,3,92.1,1,41.7%,98,8.6%,6,15.3%,93,27.8,26,118.0,16,59.8%,86,16.7%,32,26.2%,64,14.3
MIN,D'Angelo Russell,Anthony Edwards,Jaden McDaniels,Josh Okogie,Karl-Anthony Towns,152,68,+8.5,49,114.5,92,62.9%,15,17.1%,18,19.0%,52,17.7,71,106.0,86,49.2%,87,17.2%,40,25.0%,8,25.6
OKC,Theo Maledon,Hamidou Diallo,Kenrich Williams,Aleksej Pokusevski,Mike Muscala,151,39,+0.4,2,89.4,3,45.0%,10,17.9%,77,29.9%,1,6.4,98,89.0,100,39.7%,38,12.3%,40,25.0%,41,17.7
PHX,Chris Paul,Devin Booker,Mikal Bridges,Jae Crowder,Dario Saric,151,62,+7.4,24,106.0,34,52.9%,23,15.9%,14,18.5%,94,28.3,91,98.5,78,50.5%,94,19.0%,57,22.7%,21,21.6
BKN,James Harden,Kyrie Irving,Joe Harris,Kevin Durant,Jeff Green,150,95,+27.7,97,137.3,97,64.9%,45,14.0%,24,20.6%,64,19.6,57,109.7,36,55.8%,46,12.9%,85,18.1%,27,20.0
LAL,Dennis Schroder,Kentavious Caldwell-Pope,LeBron James,Kyle Kuzma,Marc Gasol,150,39,+0.4,45,113.3,83,60.5%,13,17.3%,32,22.2%,11,11.7,44,112.9,63,52.4%,7,8.8%,51,23.8%,93,9.7
MIA,Tyler Herro,Duncan Robinson,Jimmy Butler,Andre Iguodala,Bam Adebayo,150,50,+4.0,36,110.0,58,56.7%,13,17.3%,22,20.3%,91,25.8,71,106.0,54,53.3%,59,13.9%,88,17.8%,88,11.0
IND,TJ McConnell,Malcolm Brogdon,Justin Holiday,Domantas Sabonis,Myles Turner,148,3,-27.7,0,87.2,3,44.5%,54,13.5%,10,17.1%,18,13.4,37,114.9,58,52.8%,84,16.2%,15,29.0%,1,31.5
MIN,Ricky Rubio,D'Angelo Russell,Anthony Edwards,Jaden McDaniels,Karl-Anthony Towns,148,24,-9.2,89,127.7,66,57.8%,62,12.8%,66,27.5%,86,24.4,1,136.9,3,64.8%,76,15.4%,13,29.5%,1,30.5
CHA,LaMelo Ball,Terry Rozier,Jalen McDaniels,PJ Washington,Bismack Biyombo,148,0,-47.6,2,88.5,6,47.2%,27,15.5%,56,25.6%,2,8.7,2,136.1,2,67.0%,22,11.1%,23,27.7%,73,13.3
DEN,Facundo Campazzo,Austin Rivers,Michael Porter,Aaron Gordon,Nikola Jokic,146,85,+17.1,55,115.8,24,51.1%,92,9.6%,39,23.1%,73,21.6,90,98.7,79,50.4%,81,15.9%,61,22.2%,13,24.2
IND,Malcolm Brogdon,Aaron Holiday,Victor Oladipo,Domantas Sabonis,Myles Turner,144,11,-17.8,14,101.4,15,49.6%,75,11.8%,21,19.5%,16,13.0,23,119.2,59,52.8%,38,12.3%,1,39.0%,46,16.9
UTA,Donovan Mitchell,Jordan Clarkson,Royce O'Neale,Bojan Bogdanovic,Rudy Gobert,144,15,-13.3,15,102.1,32,52.6%,82,11.1%,8,16.2%,79,22.6,35,115.4,61,52.7%,17,10.5%,40,25.0%,98,7.5
ORL,Cole Anthony,Evan Fournier,James Ennis,Aaron Gordon,Nikola Vucevic,143,42,+1.4,48,114.0,53,55.9%,81,11.2%,32,22.2%,39,16.5,45,112.6,41,54.9%,24,11.2%,16,28.8%,76,12.9
CHI,Coby White,Zach LaVine,Otto Porter,Patrick Williams,Wendell Carter,143,5,-23.3,23,105.6,32,52.8%,21,16.1%,54,25.4%,23,14.2,5,128.9,13,60.3%,2,7.4%,65,21.7%,7,26.0
IND,TJ McConnell,Malcolm Brogdon,Justin Holiday,Doug McDermott,Domantas Sabonis,142,96,+28.2,92,131.0,94,63.4%,44,14.1%,26,21.0%,12,11.9,84,102.8,70,51.6%,57,13.8%,93,16.2%,66,14.2
ATL,Brandon Goodwin,Bogdan Bogdanovic,Kevin Huerter,Solomon Hill,Clint Capela,142,79,+14.1,64,118.3,77,59.7%,56,13.4%,59,26.1%,35,16.1,80,104.2,63,52.3%,51,13.2%,85,18.1%,85,11.6
SAC,Delon Wright,Buddy Hield,Maurice Harkless,Marvin Bagley,Richaun Holmes,142,73,+10.6,26,106.3,48,55.1%,34,14.8%,55,25.4%,4,9.4,94,95.8,97,43.8%,94,19.0%,3,36.0%,79,12.5
CLE,Darius Garland,Collin Sexton,Isaac Okoro,Larry Nance Jr.,Andre Drummond,141,36,-2.8,9,100.0,35,53.1%,0,23.4%,77,30.2%,59,18.6,83,102.8,79,50.4%,25,11.3%,96,15.2%,89,10.8
MEM,Ja Morant,Dillon Brooks,Desmond Bane,Brandon Clarke,Jonas Valanciunas,140,85,+17.2,75,121.4,38,53.6%,14,17.1%,100,42.7%,31,15.7,79,104.3,76,50.8%,25,11.3%,99,11.4%,35,18.7
CHA,Devonte' Graham,Terry Rozier,Gordon Hayward,Miles Bridges,PJ Washington,140,97,+32.3,86,125.7,74,58.9%,70,12.1%,5,14.5%,99,40.2,94,93.4,99,41.4%,68,14.6%,48,24.4%,3,28.4
LAL,Dennis Schroder,Kentavious Caldwell-Pope,Kyle Kuzma,Markieff Morris,Andre Drummond,140,29,-6.3,51,115.0,78,59.7%,6,18.6%,69,27.9%,53,17.8,19,121.3,8,62.0%,61,14.0%,85,18.3%,68,14.0
MIL,Jrue Holiday,Pat Connaughton,Khris Middleton,Giannis Antetokounmpo,Brook Lopez,140,92,+24.4,38,110.7,89,61.8%,3,19.3%,24,20.7%,47,17.3,99,86.3,99,40.5%,47,12.9%,99,11.5%,90,10.7
PHI,Ben Simmons,Seth Curry,Danny Green,Tobias Harris,Dwight Howard,139,2,-30.2,21,105.0,57,56.5%,9,18.0%,3,13.3%,78,22.2,3,135.3,20,59.2%,36,12.2%,0,40.3%,28,19.9
MIN,Jordan McLaughlin,D'Angelo Russell,Jarred Vanderbilt,Juan Hernangomez,Naz Reid,138,76,+12.3,62,118.1,56,56.4%,38,14.5%,83,31.0%,7,10.6,72,105.8,72,51.3%,67,14.5%,76,20.0%,9,25.2
MIL,Jrue Holiday,Bryn Forbes,Khris Middleton,Giannis Antetokounmpo,Brook Lopez,137,48,+3.3,56,116.1,18,50.4%,77,11.7%,62,26.8%,65,19.7,45,112.8,55,53.0%,33,12.0%,32,26.3%,97,7.6
NOP,Kira Lewis Jr.,JJ Redick,Josh Hart,Zion Williamson,Willy Hernangomez,137,39,+0.4,63,118.2,42,54.2%,58,13.1%,76,29.7%,95,28.8,27,117.9,39,55.0%,46,12.9%,20,28.4%,40,17.8
DET,Saben Lee,Saddiq Bey,Josh Jackson,Jerami Grant,Mason Plumlee,136,31,-5.1,27,106.6,18,50.4%,57,13.2%,41,23.5%,80,23.1,49,111.7,22,58.6%,68,14.6%,76,20.0%,23,20.7
MIN,Ricky Rubio,D'Angelo Russell,Anthony Edwards,Jarred Vanderbilt,Karl-Anthony Towns,135,94,+27.3,65,118.5,51,55.6%,82,11.1%,52,25.0%,50,17.6,96,91.2,96,45.3%,98,20.6%,16,28.8%,58,15.4
LAL,Wesley Matthews,LeBron James,Kyle Kuzma,Markieff Morris,Montrezl Harrell,135,11,-17.5,9,100.0,10,48.7%,34,14.8%,60,26.4%,43,16.8,28,117.5,20,58.9%,16,10.3%,65,21.7%,97,7.6
CLE,Collin Sexton,Isaac Okoro,Cedi Osman,Dean Wade,Jarrett Allen,134,21,-10.9,62,117.9,49,55.4%,25,15.7%,55,25.4%,97,30.4,6,128.8,18,59.4%,3,7.6%,60,22.4%,25,20.5
MEM,Ja Morant,Dillon Brooks,Kyle Anderson,Brandon Clarke,Xavier Tillman,134,22,-10.6,18,103.7,51,55.6%,25,15.7%,6,15.4%,59,18.5,40,114.3,7,62.4%,97,20.3%,40,25.0%,61,14.7
CHA,LaMelo Ball,Terry Rozier,Gordon Hayward,Miles Bridges,Cody Zeller,133,11,-17.5,21,104.5,27,51.7%,14,17.3%,31,22.1%,14,12.5,15,122.1,23,58.5%,52,13.2%,8,31.3%,46,16.9
TOR,Kyle Lowry,Fred VanVleet,OG Anunoby,Pascal Siakam,Chris Boucher,133,72,+10.0,61,117.3,24,51.2%,72,12.0%,39,23.3%,64,19.5,66,107.2,81,50.0%,57,13.8%,11,30.1%,37,18.4
SAC,De'Aaron Fox,Cory Joseph,Buddy Hield,Harrison Barnes,Richaun Holmes,132,13,-14.4,25,106.1,10,48.7%,86,10.6%,11,17.4%,68,20.2,21,120.4,45,54.4%,21,10.9%,21,27.9%,15,23.2
MIL,Jrue Holiday,Donte DiVincenzo,Khris Middleton,Bobby Portis,Brook Lopez,132,58,+6.1,18,103.8,15,49.6%,61,12.9%,33,22.4%,53,17.8,92,97.7,68,51.7%,74,15.3%,75,20.3%,96,7.8
CHA,Devonte' Graham,Terry Rozier,Jalen McDaniels,Miles Bridges,PJ Washington,132,43,+1.7,25,106.1,34,52.9%,70,12.1%,8,16.7%,5,9.9,78,104.4,73,51.2%,28,11.7%,15,28.9%,87,11.1
CLE,Darius Garland,Collin Sexton,Isaac Okoro,Dean Wade,Kevin Love,131,53,+5.1,43,113.0,90,61.9%,30,15.3%,6,15.4%,46,17.1,64,107.9,38,55.4%,79,15.7%,90,17.2%,78,12.6
PHI,Ben Simmons,Shake Milton,Danny Green,Tobias Harris,Joel Embiid,130,37,-2.1,44,113.1,90,62.5%,0,26.2%,37,22.7%,100,44.3,36,115.2,34,56.2%,65,14.4%,35,25.8%,15,23.2
CLE,Darius Garland,Isaac Okoro,Cedi Osman,Kevin Love,Jarrett Allen,130,41,+0.8,35,109.2,44,54.5%,49,13.8%,49,24.6%,54,17.9,62,108.4,16,59.6%,86,16.8%,58,22.6%,83,11.9
UTA,Donovan Mitchell,Jordan Clarkson,Bojan Bogdanovic,Joe Ingles,Derrick Favors,129,19,-11.5,37,110.1,46,54.9%,27,15.5%,14,18.0%,54,17.9,18,121.5,58,52.8%,10,9.2%,5,33.8%,20,21.8
WAS,Russell Westbrook,Bradley Beal,Davis Bertans,Rui Hachimura,Alex Len,128,30,-5.8,26,106.3,7,47.5%,65,12.5%,80,30.4%,49,17.4,47,112.0,36,55.8%,32,12.0%,97,14.3%,13,24.0
NOP,Eric Bledsoe,Lonzo Ball,Naji Marshall,James Johnson,Willy Hernangomez,128,59,+6.3,54,115.6,31,52.4%,76,11.7%,84,31.1%,20,13.6,58,109.3,52,53.5%,39,12.4%,61,22.2%,55,15.7
POR,Damian Lillard,Anfernee Simons,Carmelo Anthony,Robert Covington,Enes Kanter,127,94,+27.1,99,140.9,98,66.4%,97,8.7%,34,22.4%,51,17.6,41,113.8,68,51.7%,58,13.8%,37,25.8%,80,12.4
NOP,Kira Lewis Jr.,Nickeil Alexander-Walker,Josh Hart,Zion Williamson,Jaxson Hayes,125,93,+25.9,58,116.8,33,52.8%,22,16.0%,83,31.0%,96,29.6,96,90.9,98,41.7%,51,13.2%,56,23.0%,43,17.4
CHA,Devonte' Graham,Terry Rozier,Gordon Hayward,Miles Bridges,Bismack Biyombo,125,26,-8.0,5,94.4,16,50.0%,3,19.2%,49,24.6%,30,15.7,85,102.4,92,46.9%,79,15.7%,31,26.5%,20,22.3
SAC,De'Aaron Fox,Tyrese Haliburton,Buddy Hield,Harrison Barnes,Marvin Bagley,124,4,-26.3,30,107.3,36,53.2%,11,17.7%,38,23.0%,39,16.7,3,133.6,5,63.7%,49,13.1%,23,27.8%,47,16.8
SAS,Dejounte Murray,Lonnie Walker,DeMar DeRozan,Trey Lyles,Jakob Poeltl,124,31,-5.0,59,116.9,45,54.7%,71,12.1%,58,25.8%,38,16.4,15,122.0,17,59.6%,18,10.6%,29,26.7%,86,11.3
WAS,Russell Westbrook,Bradley Beal,Davis Bertans,Rui Hachimura,Robin Lopez,124,14,-13.7,37,110.5,9,48.2%,38,14.5%,85,31.2%,92,25.9,11,124.1,31,56.6%,47,12.9%,34,25.9%,14,23.6
IND,TJ McConnell,Aaron Holiday,Justin Holiday,Doug McDermott,Domantas Sabonis,122,29,-6.2,33,108.2,84,60.9%,2,21.3%,13,17.8%,74,21.7,39,114.4,11,60.5%,99,22.0%,2,36.7%,69,14.0
MIN,Ricky Rubio,Jaylen Nowell,Jaden McDaniels,Jake Layman,Jarred Vanderbilt,121,69,+8.6,4,93.4,11,49.0%,13,17.4%,56,25.4%,21,13.7,100,84.7,99,40.1%,83,16.1%,39,25.4%,29,19.8
CLE,Darius Garland,Collin Sexton,Isaac Okoro,Taurean Prince,Andre Drummond,121,1,-31.3,7,96.7,1,42.0%,67,12.4%,54,25.4%,63,19.5,6,128.0,1,68.6%,66,14.4%,51,23.7%,4,27.8
LAL,Talen Horton-Tucker,Wesley Matthews,LeBron James,Kyle Kuzma,Montrezl Harrell,120,94,+25.9,45,113.3,66,57.8%,4,19.2%,78,30.2%,38,16.5,98,87.4,81,50.0%,89,17.3%,97,15.0%,89,10.9
POR,Damian Lillard,Gary Trent Jr.,Rodney Hood,Robert Covington,Enes Kanter,120,78,+14.0,64,118.3,45,54.7%,95,9.2%,66,27.5%,8,11.0,79,104.3,42,54.7%,76,15.5%,80,19.3%,100,4.7
DET,Delon Wright,Frank Jackson,Saddiq Bey,Jerami Grant,Mason Plumlee,120,49,+3.3,27,106.7,14,49.5%,17,16.7%,47,24.1%,97,31.6,82,103.4,62,52.6%,73,15.3%,87,17.9%,31,19.4
HOU,Kevin Porter,Danuel House,Sterling Brown,Jae'Sean Tate,Christian Wood,120,12,-16.5,24,105.8,65,57.6%,24,15.8%,6,15.4%,80,22.8,15,122.3,6,63.1%,78,15.7%,26,27.5%,42,17.5
MIA,Goran Dragic,Duncan Robinson,Jimmy Butler,Trevor Ariza,Bam Adebayo,120,74,+10.9,51,115.0,88,61.7%,32,15.0%,1,11.1%,86,24.5,81,104.1,52,53.4%,85,16.4%,38,25.4%,36,18.6
ORL,Markelle Fultz,Dwayne Bacon,Evan Fournier,Aaron Gordon,Nikola Vucevic,119,7,-22.9,12,100.8,19,50.5%,41,14.3%,4,13.8%,29,15.5,12,123.8,5,63.6%,37,12.3%,40,25.0%,92,10.0
WAS,Russell Westbrook,Raul Neto,Bradley Beal,Rui Hachimura,Alex Len,118,86,+18.1,93,131.4,62,57.3%,89,10.2%,92,33.3%,67,19.8,42,113.2,60,52.7%,38,12.4%,54,23.3%,33,19.1
CHI,Coby White,Zach LaVine,Patrick Williams,Lauri Markkanen,Thaddeus Young,118,25,-8.6,37,110.2,36,53.2%,6,18.6%,74,29.5%,15,12.7,24,118.8,89,48.6%,12,9.4%,22,27.9%,0,36.5
ORL,Cole Anthony,Dwayne Bacon,James Ennis,Aaron Gordon,Nikola Vucevic,117,90,+23.1,53,115.4,46,55.0%,62,12.8%,64,27.1%,11,11.7,95,92.2,85,49.5%,94,19.0%,92,17.0%,71,13.7
DAL,Josh Richardson,Tim Hardaway Jr.,Luka Doncic,Maxi Kleber,Kristaps Porzingis,117,73,+10.5,83,123.9,96,64.2%,37,14.5%,12,17.6%,3,9.4,42,113.4,40,55.0%,10,9.2%,45,24.6%,72,13.6
DAL,Jalen Brunson,Tim Hardaway Jr.,Luka Doncic,Dorian Finney-Smith,Willie Cauley-Stein,116,99,+43.1,100,159.5,100,67.7%,93,9.5%,74,29.4%,92,25.9,32,116.4,28,56.9%,70,14.7%,27,27.1%,36,18.6
BOS,Kemba Walker,Marcus Smart,Jaylen Brown,Jayson Tatum,Tristan Thompson,116,33,-4.3,94,132.8,97,65.4%,49,13.8%,59,26.1%,47,17.3,1,137.1,4,64.6%,13,9.5%,28,26.9%,21,21.7
NOP,Kira Lewis Jr.,Naji Marshall,Zion Williamson,James Johnson,Jaxson Hayes,115,73,+10.4,41,112.2,40,54.0%,8,18.3%,92,33.3%,66,19.8,87,101.7,54,53.1%,57,13.8%,99,12.8%,56,15.5
HOU,James Harden,John Wall,David Nwaba,PJ Tucker,Christian Wood,115,7,-23.0,7,96.5,29,52.2%,12,17.4%,2,12.1%,27,15.1,23,119.5,48,53.8%,73,15.3%,4,35.1%,3,28.6
WAS,Raul Neto,Bradley Beal,Deni Avdija,Rui Hachimura,Robin Lopez,115,19,-11.4,84,125.2,91,62.6%,46,13.9%,73,29.2%,69,20.2,2,136.6,1,67.2%,53,13.4%,74,20.5%,6,26.0
SAS,Dejounte Murray,Patty Mills,Keldon Johnson,DeMar DeRozan,Jakob Poeltl,114,10,-18.5,20,104.4,16,50.0%,58,13.2%,68,27.8%,97,30.4,14,122.9,62,52.7%,45,12.8%,10,30.5%,50,16.2
UTA,Mike Conley,Donovan Mitchell,Royce O'Neale,Joe Ingles,Rudy Gobert,114,100,+45.5,99,143.9,86,61.3%,80,11.4%,86,31.4%,100,46.4,91,98.3,93,45.9%,64,14.3%,39,25.4%,49,16.5
MIA,Kendrick Nunn,Duncan Robinson,Jimmy Butler,KZ Okpala,Kelly Olynyk,113,56,+5.6,42,112.4,25,51.4%,92,9.7%,16,18.6%,56,18.1,68,106.8,22,58.6%,99,22.2%,17,28.6%,44,17.2
NOP,Eric Bledsoe,Naji Marshall,Brandon Ingram,Zion Williamson,Steven Adams,113,16,-12.6,48,114.2,44,54.6%,97,8.8%,15,18.5%,82,23.5,7,126.8,21,58.8%,4,8.0%,97,14.8%,2,28.9
NYK,Derrick Rose,Immanuel Quickley,Alec Burks,Julius Randle,Taj Gibson,113,57,+5.9,6,95.6,2,42.3%,86,10.6%,17,18.8%,90,25.5,97,89.7,98,42.7%,62,14.0%,69,21.2%,62,14.6
PHX,Cameron Payne,Devin Booker,Mikal Bridges,Cameron Johnson,Deandre Ayton,113,56,+5.6,80,123.0,75,59.0%,68,12.4%,87,32.0%,24,14.3,28,117.4,34,56.2%,31,11.9%,63,22.0%,30,19.6
IND,Caris LeVert,Edmond Sumner,Doug McDermott,Oshae Brissett,Domantas Sabonis,112,82,+16.1,56,116.1,63,57.5%,21,16.1%,13,17.8%,87,24.7,88,100.0,96,44.0%,75,15.3%,13,29.5%,13,24.0
OKC,Theo Maledon,Sviatoslav Mykhailiuk,Kenrich Williams,Aleksej Pokusevski,Moses Brown,111,3,-29.0,4,92.8,13,49.5%,14,17.1%,23,20.3%,17,13.0,17,121.8,34,56.2%,15,10.0%,17,28.6%,49,16.3
LAL,Alex Caruso,Talen Horton-Tucker,LeBron James,Kyle Kuzma,Montrezl Harrell,111,65,+8.0,21,104.5,14,49.5%,5,18.9%,65,27.3%,76,21.9,93,96.5,69,51.6%,99,23.5%,12,29.6%,51,16.1
WAS,Russell Westbrook,Bradley Beal,Deni Avdija,Rui Hachimura,Robin Lopez,111,25,-8.8,53,115.3,41,54.2%,54,13.5%,88,32.1%,89,25.0,11,124.1,14,60.2%,72,15.2%,9,31.0%,62,14.6
SAS,Dejounte Murray,Patty Mills,Devin Vassell,Rudy Gay,Drew Eubanks,111,7,-21.5,9,100.0,5,47.2%,91,9.9%,47,24.2%,6,10.4,18,121.5,33,56.4%,5,8.4%,81,19.2%,8,25.5
POR,Anfernee Simons,Gary Trent Jr.,Rodney Hood,Carmelo Anthony,Harry Giles,111,28,-6.4,16,102.7,55,56.2%,54,13.5%,0,9.4%,1,6.3,59,109.1,65,52.0%,88,17.3%,24,27.6%,37,18.4
LAC,Reggie Jackson,Luke Kennard,Paul George,Marcus Morris,Ivica Zubac,111,2,-29.7,40,111.7,85,61.3%,14,17.1%,21,19.6%,8,10.8,0,141.4,1,68.9%,7,9.0%,91,17.1%,19,22.4
BKN,Kyrie Irving,Landry Shamet,Joe Harris,Jeff Green,DeAndre Jordan,111,24,-9.1,9,100.0,41,54.2%,9,18.0%,0,8.5%,83,23.8,59,109.1,58,52.9%,1,7.3%,75,20.3%,95,8.6
CHI,Coby White,Garrett Temple,Patrick Williams,Thaddeus Young,Nikola Vucevic,111,97,+35.0,98,140.5,72,58.8%,100,6.3%,92,32.8%,24,14.3,74,105.6,81,50.0%,22,11.1%,98,13.0%,22,21.3
DEN,Monte Morris,Will Barton,Michael Porter,Aaron Gordon,Nikola Jokic,110,42,+1.5,95,134.5,94,63.4%,51,13.6%,98,35.7%,90,25.8,4,133.0,4,64.0%,37,12.3%,24,27.7%,75,13.0
PHX,Chris Paul,Devin Booker,Cameron Johnson,Jae Crowder,Deandre Ayton,110,64,+7.8,78,122.7,48,55.2%,51,13.6%,94,34.0%,56,18.1,37,115.0,65,52.1%,24,11.2%,66,21.4%,4,27.7
LAC,Reggie Jackson,Terance Mann,Paul George,Marcus Morris,Ivica Zubac,110,23,-10.0,30,107.3,42,54.4%,51,13.6%,29,21.4%,0,5.8,29,117.3,20,59.0%,44,12.7%,38,25.5%,88,11.0
HOU,Eric Gordon,David Nwaba,Danuel House,Sterling Brown,Jae'Sean Tate,110,32,-5.0,32,108.2,8,48.0%,96,9.1%,52,25.0%,75,21.8,43,113.2,44,54.6%,80,15.8%,6,33.3%,10,24.5
BKN,Kyrie Irving,Joe Harris,Kevin Durant,Jeff Green,DeAndre Jordan,110,10,-18.3,34,109.1,70,58.7%,64,12.7%,1,11.1%,17,13.0,7,127.4,25,58.0%,12,9.4%,14,29.1%,86,11.3
MIA,Victor Oladipo,Duncan Robinson,Jimmy Butler,Trevor Ariza,Bam Adebayo,109,80,+14.6,35,109.2,56,56.3%,18,16.5%,18,19.1%,84,24.1,94,94.5,67,51.8%,100,25.5%,50,23.9%,35,18.8
IND,Caris LeVert,Justin Holiday,Doug McDermott,Oshae Brissett,Domantas Sabonis,109,59,+6.4,57,116.5,80,60.0%,73,11.9%,5,14.6%,20,13.7,55,110.1,71,51.4%,56,13.8%,6,33.3%,81,12.4
CHI,Coby White,Zach LaVine,Patrick Williams,Lauri Markkanen,Daniel Gafford,108,1,-45.4,1,88.0,11,48.8%,6,18.5%,8,16.7%,28,15.5,4,133.3,4,64.2%,22,11.1%,10,30.4%,77,12.7
MEM,Ja Morant,De'Anthony Melton,Dillon Brooks,Kyle Anderson,Jonas Valanciunas,108,81,+15.3,81,123.1,54,56.1%,60,13.0%,94,34.0%,82,23.5,64,107.8,28,56.9%,95,19.6%,100,9.3%,5,27.5
DEN,Jamal Murray,Gary Harris,Michael Porter,Paul Millsap,Nikola Jokic,108,13,-15.5,39,111.1,93,62.9%,6,18.5%,30,21.7%,3,9.0,8,126.6,3,65.3%,89,17.4%,72,20.9%,6,26.1
ORL,Cole Anthony,Evan Fournier,James Ennis,Gary Clark,Nikola Vucevic,108,49,+4.0,72,120.4,72,58.8%,46,13.9%,28,21.3%,50,17.5,32,116.3,50,53.7%,27,11.5%,77,19.6%,27,20.0
CHA,LaMelo Ball,Terry Rozier,Gordon Hayward,Miles Bridges,PJ Washington,108,52,+4.7,89,127.8,93,63.3%,60,13.0%,18,19.1%,37,16.3,14,123.1,51,53.6%,18,10.6%,14,29.1%,10,24.7
NYK,Immanuel Quickley,Alec Burks,RJ Barrett,Julius Randle,Taj Gibson,108,67,+8.2,68,119.4,6,47.2%,99,7.4%,81,30.6%,89,25.0,50,111.2,48,53.8%,72,15.0%,92,17.0%,16,23.1
BKN,James Harden,Kyrie Irving,Joe Harris,Bruce Brown,Jeff Green,108,5,-23.6,13,100.9,45,54.8%,24,15.7%,13,17.8%,73,21.7,10,124.5,3,64.9%,98,20.8%,4,34.9%,90,10.6
BKN,James Harden,Kyrie Irving,Joe Harris,Kevin Durant,DeAndre Jordan,107,88,+20.6,73,120.6,84,60.9%,23,15.9%,44,23.8%,94,28.7,88,100.0,77,50.5%,16,10.3%,93,16.1%,91,10.4
LAC,Patrick Beverley,Paul George,Kawhi Leonard,Marcus Morris,Ivica Zubac,107,91,+24.3,87,127.1,96,64.7%,33,15.0%,72,28.9%,20,13.7,83,102.8,74,51.0%,11,9.3%,73,20.8%,85,11.3
POR,Damian Lillard,Gary Trent Jr.,Nassir Little,Carmelo Anthony,Enes Kanter,107,34,-4.1,69,119.6,31,52.5%,80,11.2%,89,32.1%,75,21.8,13,123.8,7,62.5%,7,8.9%,94,16.0%,89,10.9
PHI,Ben Simmons,Shake Milton,Seth Curry,Tobias Harris,Joel Embiid,106,100,+54.6,99,141.5,97,65.1%,43,14.2%,99,40.9%,93,28.1,99,86.9,96,44.5%,96,19.6%,98,13.2%,12,24.4
ORL,Dwayne Bacon,Terrence Ross,Gary Clark,Aaron Gordon,Khem Birch,105,85,+17.1,52,115.2,8,47.9%,31,15.2%,98,37.3%,96,28.9,92,98.1,85,49.5%,63,14.2%,64,21.8%,76,12.9
MIN,Ricky Rubio,Anthony Edwards,Jaden McDaniels,Jarred Vanderbilt,Karl-Anthony Towns,105,8,-21.2,9,100.0,14,49.5%,31,15.2%,80,30.4%,6,10.2,19,121.2,10,61.6%,40,12.5%,37,25.5%,93,9.5
NOP,Eric Bledsoe,JJ Redick,Josh Hart,Zion Williamson,Jaxson Hayes,105,46,+2.3,42,112.4,35,53.0%,68,12.4%,70,28.3%,99,34.5,55,110.1,26,57.7%,92,18.2%,93,16.3%,7,25.6
NYK,Alec Burks,Reggie Bullock,RJ Barrett,Julius Randle,Nerlens Noel,105,62,+7.2,45,113.3,56,56.3%,68,12.4%,19,19.2%,84,24.1,70,106.1,73,51.2%,95,19.4%,53,23.5%,22,21.4
MEM,Ja Morant,Dillon Brooks,Kyle Anderson,Jaren Jackson,Jonas Valanciunas,104,87,+19.3,73,121.2,62,57.3%,78,11.5%,91,32.7%,39,16.7,86,101.9,97,43.1%,37,12.3%,1,39.2%,76,12.8
LAL,Dennis Schroder,Kentavious Caldwell-Pope,Kyle Kuzma,Anthony Davis,Andre Drummond,104,63,+7.7,67,119.2,51,55.6%,86,10.6%,63,26.9%,22,14.1,49,111.5,61,52.7%,13,9.6%,84,18.4%,23,20.7
GSW,Stephen Curry,Kent Bazemore,Andrew Wiggins,Draymond Green,James Wiseman,104,22,-10.6,28,106.7,29,52.2%,65,12.5%,66,27.5%,35,16.1,28,117.3,19,59.3%,66,14.4%,79,19.5%,11,24.4
ATL,Trae Young,Kevin Huerter,Solomon Hill,John Collins,Clint Capela,104,70,+9.4,95,134.6,79,59.8%,99,6.7%,97,35.3%,87,24.7,10,125.2,17,59.5%,13,9.7%,59,22.4%,92,10.0
MIL,D.J. Augustin,Jrue Holiday,Khris Middleton,Giannis Antetokounmpo,Bobby Portis,104,98,+39.6,100,145.2,98,66.8%,78,11.5%,71,28.6%,70,20.4,73,105.6,57,52.9%,62,14.0%,88,17.8%,8,25.6
CLE,Collin Sexton,Isaac Okoro,Cedi Osman,Larry Nance Jr.,Andre Drummond,103,4,-26.2,9,100.0,20,50.6%,11,17.5%,23,20.4%,58,18.4,9,126.2,0,69.0%,92,18.4%,76,20.0%,6,26.6
IND,TJ McConnell,Aaron Holiday,Jeremy Lamb,Doug McDermott,Goga Bitadze,103,3,-28.6,6,95.1,13,49.4%,53,13.6%,46,24.0%,5,10.0,13,123.8,55,53.0%,20,10.9%,1,38.6%,27,20.2
OKC,Theo Maledon,Sviatoslav Mykhailiuk,Aleksej Pokusevski,Isaiah Roby,Moses Brown,103,0,-70.3,0,69.9,0,35.3%,1,21.4%,31,22.0%,76,21.8,0,140.2,0,71.1%,0,5.9%,100,7.9%,100,5.2
CHA,Devonte' Graham,Terry Rozier,Gordon Hayward,PJ Washington,Cody Zeller,102,70,+9.5,85,125.5,49,55.4%,85,10.8%,96,35.1%,30,15.7,33,116.0,26,57.6%,82,16.0%,20,28.3%,83,12.0
MIL,Bryn Forbes,Donte DiVincenzo,Pat Connaughton,Giannis Antetokounmpo,Brook Lopez,102,54,+5.2,82,123.5,91,62.6%,62,12.7%,52,25.0%,18,13.2,25,118.4,38,55.4%,9,9.2%,49,24.0%,59,15.2
LAL,Dennis Schroder,Kentavious Caldwell-Pope,Kyle Kuzma,Markieff Morris,Montrezl Harrell,102,63,+7.7,50,114.7,5,46.5%,85,10.8%,97,35.5%,93,26.3,67,107.0,77,50.6%,32,12.0%,89,17.6%,32,19.1
MIL,Donte DiVincenzo,Pat Connaughton,Khris Middleton,Giannis Antetokounmpo,Brook Lopez,102,17,-12.5,15,102.0,20,50.6%,17,16.7%,21,19.6%,31,15.7,39,114.4,70,51.5%,6,8.7%,34,25.9%,44,17.2
NYK,Elfrid Payton,Austin Rivers,RJ Barrett,Julius Randle,Mitchell Robinson,102,9,-19.3,5,94.1,0,40.0%,62,12.7%,66,27.5%,34,16.0,41,113.5,37,55.7%,54,13.5%,77,19.6%,85,11.5
DET,Delon Wright,Saddiq Bey,Josh Jackson,Jerami Grant,Mason Plumlee,102,86,+17.3,96,137.3,95,63.6%,62,12.7%,70,28.3%,98,33.0,22,120.0,13,60.2%,83,16.2%,9,31.1%,18,22.7
MIN,D'Angelo Russell,Jarrett Culver,Malik Beasley,Juan Hernangomez,Ed Davis,102,21,-11.0,32,107.8,30,52.2%,50,13.7%,63,26.9%,62,19.1,24,118.8,39,55.2%,20,10.9%,68,21.3%,4,27.6
ATL,Trae Young,Bogdan Bogdanovic,Tony Snell,Danilo Gallinari,Clint Capela,102,65,+7.8,28,106.9,30,52.4%,75,11.8%,3,13.0%,87,24.7,89,99.0,94,45.6%,56,13.7%,80,19.3%,30,19.8
TOR,Malachi Flynn,Gary Trent Jr.,OG Anunoby,Pascal Siakam,Chris Boucher,102,90,+22.7,91,128.4,79,59.9%,75,11.8%,34,22.4%,39,16.7,72,105.7,81,50.0%,83,16.2%,23,27.8%,23,20.7
DET,Delon Wright,Josh Jackson,Jerami Grant,Blake Griffin,Mason Plumlee,101,53,+5.0,19,104.0,6,47.3%,73,11.9%,49,24.6%,56,18.1,89,99.0,32,56.5%,100,24.7%,40,25.0%,75,13.0
MIN,Ricky Rubio,Malik Beasley,Josh Okogie,Jarred Vanderbilt,Naz Reid,101,26,-7.8,17,103.0,4,45.2%,48,13.9%,99,38.2%,79,22.6,52,110.8,39,55.1%,93,18.6%,3,35.4%,38,18.2
MIA,Goran Dragic,Kendrick Nunn,Duncan Robinson,Andre Iguodala,Bam Adebayo,100,61,+6.9,70,120.0,58,56.5%,16,17.0%,23,20.5%,96,29.8,44,113.1,53,53.4%,49,13.1%,49,24.0%,25,20.5
DET,Cory Joseph,Saddiq Bey,Josh Jackson,Jerami Grant,Mason Plumlee,100,35,-3.3,70,120.0,48,55.2%,89,10.0%,34,22.4%,94,28.7,13,123.3,14,60.1%,6,8.7%,68,21.3%,61,14.9
SAS,Patty Mills,Lonnie Walker,Keldon Johnson,DeMar DeRozan,LaMarcus Aldridge,100,38,-1.4,29,107.0,19,50.6%,89,10.0%,7,15.7%,53,17.8,61,108.4,89,48.4%,6,8.4%,83,18.5%,70,14.0
PHI,Tyrese Maxey,Shake Milton,Matisse Thybulle,Furkan Korkmaz,Dwight Howard,100,51,+4.3,34,109.0,11,48.9%,45,14.0%,96,35.1%,71,20.4,77,104.7,81,50.0%,87,16.8%,8,31.2%,11,24.4
MIN,D'Angelo Russell,Anthony Edwards,Malik Beasley,Josh Okogie,Ed Davis,100,32,-4.8,43,113.0,27,51.6%,83,11.0%,27,21.1%,32,15.8,27,117.8,9,61.7%,90,17.8%,31,26.5%,1,31.2
IND,Malcolm Brogdon,Caris LeVert,Edmond Sumner,JaKarr Sampson,Oshae Brissett,100,21,-11.0,29,107.0,9,48.4%,59,13.0%,61,26.4%,64,19.6,26,118.0,74,51.0%,0,7.0%,31,26.4%,30,19.6
BKN,James Harden,Joe Harris,Kevin Durant,Jeff Green,DeAndre Jordan,100,61,+6.9,55,116.0,100,67.8%,4,19.0%,8,16.1%,45,17.1,59,109.1,59,52.8%,1,7.1%,94,16.0%,54,15.7
LAL,Kentavious Caldwell-Pope,Wesley Matthews,LeBron James,Kyle Kuzma,Marc Gasol,100,45,+2.0,13,101.0,38,53.5%,4,19.0%,31,22.0%,11,11.8,90,99.0,91,47.6%,55,13.5%,84,18.4%,49,16.5